timestamp_sec,x_m,y_m,z_m
1617799773.639268637,-23.7066811026,-31.2570839501,1.05487647544
1617799773.739033461,-23.6878527914,-31.26159549,1.05558397496
1617799773.838751554,-23.6847003724,-31.2619866472,1.05440232082
1617799773.938498020,-23.6790680807,-31.2606731266,1.05319636715
1617799774.038059235,-23.6778094966,-31.2589240571,1.05187974033
1617799774.138006687,-23.6766563769,-31.2564220214,1.05128106131
1617799774.237940311,-23.673452217,-31.2546233531,1.04924902676
1617799774.337809324,-23.6758590029,-31.2537976741,1.04952564385
1617799774.437720299,-23.6775012123,-31.2529745679,1.04974628232
1617799774.537635088,-23.6762150847,-31.2523859314,1.04917385867
1617799774.637536764,-23.674454885,-31.2480085815,1.04768277784
1617799774.737308741,-23.6733851004,-31.240968846,1.04524236203
1617799774.837493658,-23.6701940353,-31.2303451477,1.03987960709
1617799774.937481165,-23.6728505971,-31.2077621474,1.03283193378
1617799775.037691355,-23.676766344,-31.1734000948,1.02472193302
1617799775.138015032,-23.6866768533,-31.127470213,1.01788439695
1617799775.238292456,-23.7064996748,-31.0682969901,1.01127500324
1617799775.338297367,-23.7341838845,-30.9964923951,1.00264944981
1617799775.438426733,-23.7687713808,-30.91261353,0.992200515989
1617799775.538224220,-23.805735943,-30.8216457291,0.988326607953
1617799775.638591290,-23.844070371,-30.7183754817,0.99550599833
1617799775.738251448,-23.8778933469,-30.61648087,1.00286531667
1617799775.838633299,-23.9139375134,-30.5053042277,1.00230727428
1617799775.938460350,-23.9502147033,-30.3867576185,0.995702110783
1617799776.038435698,-23.9856526162,-30.2632428542,0.982484812009
1617799776.137389660,-24.0242103778,-30.1437258011,0.97626670994
1617799776.237198353,-24.0662028689,-30.0192518852,0.98215450495
1617799776.336933851,-24.1078791563,-29.8933645598,0.986200091097
1617799776.436972857,-24.1535376381,-29.7653367754,0.981147656897
1617799776.536808014,-24.2023503818,-29.6354386558,0.966275487599
1617799776.637423038,-24.2507305648,-29.5074871367,0.956527515822
1617799776.737729073,-24.3007870316,-29.3828144266,0.957421802103
1617799776.836638451,-24.3479824213,-29.2666892754,0.964608153294
1617799776.936878920,-24.3904807272,-29.1456818308,0.965607753401
1617799777.036627769,-24.4297201462,-29.0208480734,0.952398865477
1617799777.136507988,-24.4661657563,-28.8977147859,0.929953312296
1617799777.236461639,-24.5016232348,-28.7778284464,0.91940053908
1617799777.336906433,-24.5433128533,-28.6550860692,0.924410643199
1617799777.437147379,-24.5875808231,-28.535916309,0.928920659285
1617799777.537462950,-24.6384830502,-28.4176617443,0.919751328577
1617799777.637704611,-24.6878702246,-28.3034442797,0.903769337394
1617799777.738040686,-24.7369509241,-28.1926087221,0.887800125743
1617799777.837443352,-24.7809769783,-28.0851459684,0.884897732868
1617799777.937563658,-24.8111189069,-27.9791706873,0.891647611998
1617799778.037044287,-24.8467610709,-27.8700849642,0.886987913402
1617799778.136878490,-24.8745384007,-27.7587631418,0.867919406919
1617799778.237813473,-24.8958333229,-27.6491936935,0.853133742977
1617799778.337978840,-24.9253744234,-27.5379470784,0.857665557223
1617799778.437262774,-24.9602358737,-27.4237224013,0.867992553805
1617799778.536595106,-24.9945743609,-27.3038610954,0.868866816254
1617799778.636153698,-25.0379448153,-27.1769408173,0.844039343358
1617799778.735746622,-25.0832187032,-27.0523726957,0.817793280832
1617799778.835801125,-25.1292150722,-26.9275258775,0.80717918716
1617799778.935860395,-25.1678976238,-26.8041085472,0.819520635281
1617799779.036183357,-25.2031345778,-26.6828960881,0.831485954565
1617799779.136410952,-25.23991807,-26.5601501769,0.827869058003
1617799779.237015963,-25.2745833797,-26.4376169033,0.809077382576
1617799779.337035179,-25.3141944677,-26.3167763176,0.792210431875
1617799779.437414646,-25.3474266111,-26.1996546309,0.797736686997
1617799779.537595510,-25.3836992776,-26.0826753387,0.80663786642
1617799779.637590170,-25.4286070479,-25.9587394554,0.795584807571
1617799779.737357140,-25.4775846169,-25.8286354308,0.768059974027
1617799779.837728500,-25.5252968141,-25.6937983193,0.74477617791
1617799779.937480211,-25.573795876,-25.5654226415,0.741857662491
1617799780.036933661,-25.6239336752,-25.4435576713,0.743711211753
1617799780.137216091,-25.6662691327,-25.3189767521,0.73840138881
1617799780.237100601,-25.7014657925,-25.1940785141,0.716139469904
1617799780.337225914,-25.7332834077,-25.0697387618,0.690411956523
1617799780.437134266,-25.7676442571,-24.9470512439,0.680301079651
1617799780.536951780,-25.805590526,-24.8283011714,0.685613856061
1617799780.637535334,-25.8450259787,-24.7090575272,0.688103946139
1617799780.737545729,-25.8938562275,-24.5861850618,0.670153489067
1617799780.838145971,-25.9402684845,-24.463999373,0.651050619932
1617799780.938266277,-25.9869367809,-24.3447733545,0.645317373878
1617799781.037872076,-26.0287151919,-24.2245583199,0.654911530241
1617799781.137964010,-26.0637974573,-24.0996898539,0.664145856291
1617799781.237451077,-26.1003669906,-23.9725721847,0.657832679721
1617799781.337005615,-26.1316817613,-23.8477957743,0.640163614595
1617799781.436253548,-26.1625741939,-23.7238881835,0.630509767719
1617799781.536308050,-26.1885541583,-23.6003629242,0.636610926008
1617799781.636324883,-26.214875457,-23.4784551682,0.64568574892
1617799781.736385584,-26.2455240348,-23.3493429289,0.640439461726
1617799781.836601496,-26.2800750174,-23.217636795,0.618895326965
1617799781.936907768,-26.310909344,-23.0868734219,0.59817003392
1617799782.037271261,-26.3374926996,-22.9611428677,0.600483423394
1617799782.137537241,-26.3600695967,-22.8349667824,0.613615889238
1617799782.237979889,-26.3769351386,-22.7075201271,0.613697256769
1617799782.338043928,-26.3891969489,-22.5750241942,0.60076386502
1617799782.438349485,-26.3983150098,-22.4453554276,0.582877133483
1617799782.537847281,-26.4096763681,-22.3226364124,0.578714171317
1617799782.637721539,-26.4272583006,-22.1972964472,0.583912198148
1617799782.737913132,-26.4438868714,-22.0709320087,0.587787181733
1617799782.838005304,-26.4685530839,-21.9422687524,0.573960990511
1617799782.937973022,-26.4945986966,-21.8193798074,0.557045995399
1617799783.038516283,-26.5179600238,-21.6979066064,0.551055548634
1617799783.138570547,-26.5423499962,-21.5762831023,0.557961905663
1617799783.238351107,-26.5605413787,-21.4583220915,0.564311409588
1617799783.338319302,-26.5803271494,-21.3371368102,0.561377651239
1617799783.438064575,-26.5986001605,-21.2189156672,0.548606860495
1617799783.537717581,-26.6178431057,-21.0965322856,0.536083417457
1617799783.637103558,-26.6362271927,-20.9780361115,0.537132137919
1617799783.736371756,-26.6561148191,-20.860862988,0.54722858626
1617799783.836442947,-26.6795410241,-20.7426021738,0.548379403086
1617799783.936616898,-26.7091771182,-20.6206172214,0.532420987981
1617799784.036721706,-26.7374045749,-20.503230656,0.518369092382
1617799784.137432575,-26.7677652835,-20.3864201196,0.516331455323
1617799784.237433434,-26.7970926065,-20.2693144729,0.530573809021
1617799784.337620258,-26.8216586593,-20.1564316137,0.542122035212
1617799784.437393427,-26.8525960867,-20.03677337,0.539161049592
1617799784.537249804,-26.8802569558,-19.9169522312,0.524795525527
1617799784.637320518,-26.9072157022,-19.7995389715,0.510978363919
1617799784.737480164,-26.9273914887,-19.68991897,0.515617159471
1617799784.837572098,-26.9511935635,-19.5808317018,0.527712553814
1617799784.937654972,-26.9813225869,-19.4704339939,0.53360019771
1617799785.037833214,-27.0164331511,-19.356199968,0.520355070792
1617799785.137816906,-27.0525388827,-19.246866038,0.510145903595
1617799785.237819910,-27.0923435284,-19.1409036541,0.508624541807
1617799785.337595701,-27.1311196052,-19.0385711057,0.52163336672
1617799785.437293530,-27.1689051305,-18.9373480245,0.528539366323
1617799785.537193298,-27.2064786957,-18.8268759987,0.524472369405
1617799785.637090921,-27.2417158925,-18.7136637316,0.509214585082
1617799785.737164736,-27.2744929815,-18.6029259656,0.496513876595
1617799785.836866140,-27.3092920933,-18.4966888753,0.494481881425
1617799785.936885357,-27.343243092,-18.3884469948,0.501853736263
1617799786.036961555,-27.3820433758,-18.2777152702,0.504825351407
1617799786.137552023,-27.4253043551,-18.1629631009,0.493307101527
1617799786.238097191,-27.4730582324,-18.0482280823,0.476697048261
1617799786.338721037,-27.5226150338,-17.9375358133,0.467991426228
1617799786.438755512,-27.5692189278,-17.8240517559,0.474818795982
1617799786.538439989,-27.6106471706,-17.7161349326,0.485380043673
1617799786.638409376,-27.6555593802,-17.5967163037,0.48104520014
1617799786.737616062,-27.6993316455,-17.4740903698,0.46724447828
1617799786.837050915,-27.7408387749,-17.3554342522,0.450685886919
1617799786.936161518,-27.7874494237,-17.2434463509,0.450863895812
1617799787.035607338,-27.8363468162,-17.133182695,0.458242047377
1617799787.135509253,-27.8843372893,-17.0248181311,0.464786982903
1617799787.235661268,-27.9392251946,-16.912571472,0.457570355582
1617799787.335738182,-27.9964590705,-16.8042758332,0.445419931347
1617799787.436252832,-28.0543666379,-16.6984704541,0.437590920678
1617799787.536125422,-28.1116704721,-16.5941862148,0.448079119365
1617799787.636254787,-28.1618839871,-16.492233349,0.457509619671
1617799787.736896992,-28.2119815489,-16.3818952685,0.453675708578
1617799787.836892128,-28.2602565835,-16.2713417442,0.441052376961
1617799787.937045097,-28.3080960257,-16.1583602918,0.428666669458
1617799788.037320852,-28.3544556071,-16.0506230684,0.424907333789
1617799788.137237072,-28.4090544526,-15.9405951426,0.425755699523
1617799788.237368822,-28.4643905486,-15.8321632601,0.424499268604
1617799788.336975098,-28.532950124,-15.7254132341,0.410449758361
1617799788.436644077,-28.6055888735,-15.6157844272,0.390240682474
1617799788.536435604,-28.6780621435,-15.5116750094,0.385457359605
1617799788.635969877,-28.751149866,-15.4121025453,0.398124396695
1617799788.735714912,-28.8186232799,-15.3075844081,0.409121241133
1617799788.835685968,-28.8903039224,-15.1958130241,0.401923025103
1617799788.935355425,-28.9634623244,-15.0878654087,0.382541848875
1617799789.035151243,-29.0399638662,-14.9868132904,0.372020915595
1617799789.135567665,-29.1144839141,-14.8828409681,0.381511837048
1617799789.235573292,-29.1898210086,-14.7829723667,0.397663594191
1617799789.335929394,-29.2675562117,-14.6804358206,0.39950689836
1617799789.435911179,-29.3462284869,-14.5836544442,0.388152564378
1617799789.536111593,-29.4245179681,-14.4931256114,0.3797929204
1617799789.635883093,-29.5029956193,-14.4040985852,0.387996104364
1617799789.735847235,-29.5813089985,-14.3138004796,0.401601496972
1617799789.835639715,-29.6634909574,-14.21459996,0.405839263412
1617799789.935195208,-29.7468613379,-14.1168975672,0.397495721398
1617799790.035095692,-29.825318174,-14.0252430543,0.382687628506
1617799790.134536743,-29.9064957893,-13.9426304463,0.377509645977
1617799790.234062672,-29.9910157781,-13.8624882439,0.384694021215
1617799790.334269047,-30.0742324912,-13.7859159721,0.392119569431
1617799790.434809685,-30.1656288261,-13.7175884467,0.38716824848
1617799790.535589933,-30.2622360375,-13.6522728818,0.374057468857
1617799790.636871099,-30.3574399135,-13.5931335956,0.365409672984
1617799790.738189936,-30.4523489649,-13.5364190801,0.371564607131
1617799790.838840723,-30.543533743,-13.481917787,0.381695185679
1617799790.940371275,-30.6323916891,-13.4203508644,0.381331839051
1617799791.041072607,-30.7237876652,-13.3559290053,0.371154280925
1617799791.141349316,-30.8127721925,-13.2943170966,0.359301070639
1617799791.240863323,-30.9023333336,-13.2421072009,0.354675214932
1617799791.340399981,-30.9945898464,-13.1965584269,0.361786653697
1617799791.440026999,-31.0849078301,-13.1596905653,0.366729853613
1617799791.539811134,-31.1811056455,-13.1313360905,0.364119424414
1617799791.639411449,-31.2821518726,-13.1101263581,0.356450798276
1617799791.739057779,-31.3845189866,-13.091223998,0.350068320154
1617799791.839002132,-31.4823882545,-13.0706908763,0.35413290808
1617799791.938290358,-31.5811922538,-13.0498268931,0.362288354973
1617799792.038912296,-31.6801875156,-13.0230211885,0.364330290895
1617799792.138989925,-31.7847665389,-12.9935493633,0.356455648137
1617799792.239241123,-31.8932553857,-12.967796517,0.346667968049
1617799792.338702679,-32.0022730854,-12.9473841293,0.343454185984
1617799792.438892126,-32.1092693425,-12.9272655971,0.351219855487
1617799792.538894892,-32.2196905698,-12.9154389621,0.3594891924
1617799792.638976336,-32.3312806424,-12.9071260333,0.357018070892
1617799792.738868475,-32.4504279307,-12.9038455644,0.343753124425
1617799792.839051723,-32.5703356323,-12.9015016177,0.330182571107
1617799792.939046144,-32.6889182765,-12.8980844899,0.328844767561
1617799793.038979053,-32.8098406926,-12.8968121047,0.342797160778
1617799793.139761209,-32.9234722188,-12.8925645849,0.351214030997
1617799793.239361286,-33.0404156803,-12.892355719,0.348220961843
1617799793.339351892,-33.1582822879,-12.8915287732,0.335385631518
1617799793.438902378,-33.2790090299,-12.8948279083,0.326601670614
1617799793.538835526,-33.3922966541,-12.8963229018,0.332078852474
1617799793.638764858,-33.5065417592,-12.9019879366,0.341954622514
1617799793.738994122,-33.6236752512,-12.9134308994,0.341186765836
1617799793.838699341,-33.7429997276,-12.9340408299,0.331471143702
1617799793.938665390,-33.8576497838,-12.954363538,0.32783595651
1617799794.038756609,-33.9716863832,-12.9749246328,0.336875267216
1617799794.138870478,-34.0833587281,-12.9886555627,0.352037527864
1617799794.239430666,-34.2008975421,-12.9990375472,0.35835782215
1617799794.339686871,-34.3213943822,-13.0069853658,0.352975356623
1617799794.439647198,-34.438075511,-13.0155243069,0.343789385141
1617799794.538858652,-34.5557719049,-13.0287740919,0.34320429158
1617799794.638656616,-34.6691089777,-13.0376440447,0.354499661898
1617799794.738573790,-34.7842750068,-13.0469888627,0.363090378047
1617799794.838839769,-34.9008252152,-13.0607733158,0.360111342164
1617799794.939152241,-35.0189375535,-13.0760857999,0.351369660425
1617799795.039461136,-35.1295832255,-13.0925775296,0.34795175776
1617799795.139573336,-35.2368645947,-13.1077953331,0.354942503457
1617799795.240130186,-35.3516745341,-13.1225998698,0.368457424779
1617799795.340310574,-35.4694925755,-13.138664674,0.376084211861
1617799795.439610958,-35.5961525314,-13.1610792037,0.371745339816
1617799795.539138079,-35.7206118115,-13.179234207,0.358781645468
1617799795.638736963,-35.8408079643,-13.1943922746,0.351198768607
1617799795.738852501,-35.9588205671,-13.2094148184,0.356957231716
1617799795.838976145,-36.074317542,-13.2255194539,0.36391129771
1617799795.939452410,-36.1902025697,-13.2449382478,0.359866816744
1617799796.039626598,-36.3078611049,-13.2682906646,0.348413436179
1617799796.140133619,-36.4195748103,-13.289713562,0.341141585361
1617799796.240369320,-36.5334996051,-13.311031045,0.346080064408
1617799796.340018988,-36.6445149349,-13.3332899748,0.354177839106
1617799796.439747810,-36.7543467457,-13.3530005079,0.358040016724
1617799796.539423227,-36.8664338292,-13.3737116594,0.354065577545
1617799796.639233828,-36.9811246784,-13.3950993839,0.343392908922
1617799796.738889217,-37.091123047,-13.413504249,0.337995508514
1617799796.838690996,-37.1990596436,-13.4318118568,0.34372053323
1617799796.938627958,-37.3071748259,-13.4498603399,0.352153362465
1617799797.039218664,-37.416446963,-13.4668860334,0.352863894812
1617799797.139440060,-37.5287102721,-13.4871045836,0.345878248182
1617799797.239637852,-37.6386281925,-13.5067746631,0.339642288212
1617799797.339655638,-37.7456359775,-13.5251070236,0.342263488973
1617799797.439531326,-37.8562435602,-13.5421022348,0.355400281562
1617799797.539433002,-37.9695916487,-13.5576202161,0.357540369331
1617799797.639074326,-38.0889408015,-13.5729747002,0.3484551809
1617799797.739061594,-38.2047149463,-13.5861667834,0.335922449004
1617799797.838538170,-38.3213886018,-13.6000126541,0.329632795733
1617799797.938101768,-38.4353269971,-13.6110910496,0.334450010815
1617799798.037837267,-38.5468689225,-13.6222310598,0.339503986006
1617799798.138471365,-38.6641655612,-13.6343917399,0.335398647873
1617799798.238955259,-38.7834425054,-13.6492874786,0.321031599671
1617799798.339135885,-38.9001436062,-13.6666958702,0.308032521272
1617799798.439624310,-39.0217460015,-13.6841810467,0.306963625192
1617799798.539220572,-39.1478271097,-13.704603354,0.315608801137
1617799798.639182329,-39.2706719417,-13.7227813409,0.317209044586
1617799798.739004135,-39.3971709892,-13.7398886134,0.308375689783
1617799798.838671446,-39.5195255512,-13.7560658088,0.294247166119
1617799798.938001156,-39.6446874391,-13.7744466707,0.290074111461
1617799799.037645817,-39.7670637549,-13.7959109141,0.297674219536
1617799799.137605190,-39.8834458331,-13.8193425704,0.305220152735
1617799799.237892151,-39.9995651987,-13.8452849591,0.306336876999
1617799799.338251829,-40.1183235529,-13.8752660369,0.297313600947
1617799799.438620567,-40.2321267582,-13.9064932617,0.291211690871
1617799799.539141655,-40.3413658998,-13.9359591939,0.298629329712
1617799799.639063358,-40.454987502,-13.9659676847,0.316477936014
1617799799.739294529,-40.5709561092,-13.9930459553,0.326430977401
1617799799.839476585,-40.6846547049,-14.0167352144,0.324569921855
1617799799.939110994,-40.7962047729,-14.0400928738,0.317347561446
1617799800.038076639,-40.9083192096,-14.0635908168,0.320561811004
1617799800.138356447,-41.0266763201,-14.086509588,0.331731424127
1617799800.238277197,-41.1444848162,-14.1136000363,0.338902728191
1617799800.338877678,-41.2638927406,-14.1464634136,0.334630674383
1617799800.439010143,-41.3854818928,-14.1843617107,0.325960867577
1617799800.539281130,-41.5041597492,-14.2235043244,0.322072840796
1617799800.638851404,-41.6223316922,-14.2610442327,0.332210274019
1617799800.739197254,-41.7422965147,-14.2950213114,0.339223549756
1617799800.839135647,-41.8659493199,-14.3282795578,0.335078144925
1617799800.938591480,-41.9927330262,-14.3622182136,0.323132806619
1617799801.038297176,-42.1163806423,-14.393169037,0.313855128835
1617799801.137931824,-42.2360369129,-14.4238358326,0.318428723963
1617799801.237814188,-42.3554527254,-14.4552185906,0.326927098052
1617799801.338283539,-42.4717961804,-14.4869779932,0.32935306057
1617799801.438764095,-42.5878864934,-14.5241871104,0.32028265706
1617799801.539103270,-42.7025612179,-14.5623178581,0.309962154558
1617799801.639267445,-42.8175790723,-14.599393397,0.307184366179
1617799801.739316940,-42.9313350576,-14.63222019,0.319965147705
1617799801.838898897,-43.043324891,-14.6668307155,0.327748004752
1617799801.938701630,-43.1580015671,-14.7004201712,0.326449774241
1617799802.038627625,-43.2781678383,-14.7322953434,0.316378481345
1617799802.138243675,-43.3966432338,-14.7638553146,0.307291007473
1617799802.237837791,-43.5075741701,-14.7925080301,0.310509690455
1617799802.337491274,-43.6214519722,-14.8245172887,0.316006895838
1617799802.437833071,-43.7365316582,-14.8579848369,0.317678700435
1617799802.538267136,-43.8530029228,-14.8937205455,0.308839733179
1617799802.638743401,-43.9688083956,-14.9306952801,0.298594851145
1617799802.738814116,-44.086571781,-14.9681345999,0.295401275472
1617799802.838676214,-44.2051419026,-15.0038901479,0.304052589085
1617799802.938830137,-44.3209877563,-15.0363663771,0.307894815952
1617799803.039004564,-44.4383620037,-15.0658938238,0.302406189114
1617799803.138702154,-44.5570427419,-15.0947656825,0.28949218952
1617799803.238044262,-44.675380377,-15.1237628095,0.281729689581
1617799803.337770700,-44.7892981531,-15.1501192109,0.288053875265
1617799803.437509775,-44.8992530589,-15.1783380512,0.29565360252
1617799803.537889719,-45.009048945,-15.2092002601,0.297535548791
1617799803.638347864,-45.121863401,-15.2452154711,0.287052836593
1617799803.738824844,-45.2351360092,-15.2832968961,0.274679372757
1617799803.838913441,-45.344438093,-15.3233784891,0.272702556977
1617799803.939352512,-45.4568811901,-15.3619504479,0.28430322015
1617799804.039249182,-45.5702801778,-15.3997746475,0.293994746008
1617799804.139159203,-45.6855790897,-15.4394332131,0.293978328545
1617799804.238669634,-45.7981203001,-15.4760948686,0.285174601633
1617799804.337963820,-45.9113883235,-15.512397379,0.278869388098
1617799804.437876225,-46.0213111545,-15.5454169118,0.285310799968
1617799804.537751198,-46.13010861,-15.5799277235,0.297057337018
1617799804.638163090,-46.2447785234,-15.6181126423,0.300072666026
1617799804.738542795,-46.3587904219,-15.659342216,0.289314146231
1617799804.838741302,-46.4688200949,-15.6998490955,0.280522042296
1617799804.938902617,-46.5825331872,-15.7403207527,0.285017504772
1617799805.038447142,-46.6961792241,-15.7773979285,0.297803863427
1617799805.138575077,-46.8118891098,-15.8135065247,0.302781257635
1617799805.238421440,-46.928887326,-15.8486723032,0.293616404236
1617799805.338166714,-47.0468653014,-15.8822303413,0.280263409089
1617799805.437871695,-47.162246309,-15.9129513823,0.272775074058
1617799805.537987947,-47.2749355848,-15.9434538451,0.279617008145
1617799805.637915373,-47.3849312556,-15.9775619936,0.289258917035
1617799805.738092661,-47.4932349827,-16.0163066462,0.29282033783
1617799805.838391781,-47.6020802878,-16.0602787706,0.285792401231
1617799805.938552856,-47.7079902754,-16.1052067907,0.276528184036
1617799806.038758993,-47.8168446804,-16.1524689888,0.276548265
1617799806.138650656,-47.9306665576,-16.2024614825,0.287381929565
1617799806.238680363,-48.040096193,-16.2525350312,0.291769284604
1617799806.338329792,-48.1495906138,-16.3039882569,0.286844027668
1617799806.438054562,-48.261759454,-16.3557537115,0.277875343995
1617799806.537396669,-48.3690468585,-16.4048101717,0.275624644947
1617799806.637619972,-48.4717168428,-16.4521498979,0.284196291022
1617799806.737498283,-48.5750395332,-16.5035687437,0.292843038346
1617799806.837920427,-48.681409273,-16.5572556983,0.291173730323
1617799806.938472748,-48.7902076144,-16.6152626318,0.27602992324
1617799807.038709164,-48.8990685852,-16.6747203228,0.264702340183
1617799807.138975382,-49.0045151987,-16.7318420934,0.271176505042
1617799807.239017725,-49.1116530318,-16.7940174235,0.285161279405
1617799807.338863134,-49.214970564,-16.8552894664,0.288740940798
1617799807.438422203,-49.3176234584,-16.9172088224,0.2807460797
1617799807.538046360,-49.4201312125,-16.9795926513,0.264678486404
1617799807.637321949,-49.5254424476,-17.0441231983,0.256795185878
1617799807.737089872,-49.6317288864,-17.1091813211,0.263372338628
1617799807.837316513,-49.7362462967,-17.1792603325,0.271821867193
1617799807.937924862,-49.8362857144,-17.2593186175,0.266267448551
1617799808.038516760,-49.9327791168,-17.3467755588,0.251822787798
1617799808.138734341,-50.0290053076,-17.4350867596,0.24467842019
1617799808.238479614,-50.122529817,-17.5192178213,0.259972403968
1617799808.338438511,-50.2201798145,-17.6011540883,0.278309170128
1617799808.438485146,-50.3223756649,-17.6840169957,0.285671993863
1617799808.538272858,-50.427421496,-17.7645793234,0.279952810388
1617799808.638087749,-50.5289811579,-17.8385126904,0.274078723171
1617799808.737787247,-50.6273974369,-17.9087923175,0.280065705841
1617799808.838466406,-50.7254050267,-17.9755065637,0.298126660214
1617799808.938622475,-50.8244565149,-18.0455652917,0.306716375893
1617799809.038709879,-50.9272717907,-18.118797934,0.296692877912
1617799809.138742208,-51.0299011769,-18.1944797525,0.28204667777
1617799809.238455057,-51.1307964874,-18.2734042318,0.278285790931
1617799809.338270187,-51.2355806581,-18.3505435098,0.290374543368
1617799809.438097239,-51.3449547627,-18.4288135315,0.299589371645
1617799809.538070440,-51.4557485256,-18.512172906,0.295558015223
1617799809.637712240,-51.5613442134,-18.5939762008,0.281435301151
1617799809.737256527,-51.6666016919,-18.6723585683,0.27360144161
1617799809.836580276,-51.7684032245,-18.7470087885,0.281140609891
1617799809.936908007,-51.8694504677,-18.8244706978,0.294993173726
1617799810.037334442,-51.970670972,-18.9069052249,0.295822315218
1617799810.137922049,-52.0708459987,-18.9927436316,0.28445483476
1617799810.238279581,-52.1680305966,-19.0792364542,0.273555825446
1617799810.338457823,-52.2622023386,-19.1633189787,0.274616918394
1617799810.438702583,-52.3555226537,-19.2480199877,0.287800902177
1617799810.539029360,-52.4484906162,-19.3354367011,0.295477183092
1617799810.639087200,-52.5426948878,-19.4238335384,0.29043653985
1617799810.738287449,-52.6408649947,-19.5117090112,0.276122213445
1617799810.837968111,-52.7393463935,-19.593911355,0.268925869107
1617799810.937475443,-52.8325252603,-19.6768557439,0.276813937124
1617799811.037517786,-52.9231781937,-19.7639701265,0.288247484386
1617799811.137747526,-53.0132428049,-19.8542716753,0.290167199468
1617799811.237842083,-53.1013341554,-19.9477352589,0.278870523661
1617799811.338620901,-53.1902909996,-20.0405828951,0.266110525407
1617799811.438467503,-53.2719830907,-20.1306661716,0.268952523084
1617799811.538535595,-53.3556866167,-20.2204263039,0.286342399359
1617799811.638489008,-53.4384632278,-20.310396629,0.296702153854
1617799811.738208294,-53.5202519196,-20.3993415272,0.292555382036
1617799811.837434769,-53.6021056128,-20.4876099455,0.280673962465
1617799811.936971426,-53.6825044897,-20.5714838868,0.275677001595
1617799812.036666393,-53.7636867665,-20.6516895162,0.282870091398
1617799812.136446714,-53.8432315628,-20.7366092837,0.294618748685
1617799812.236745358,-53.9244251602,-20.824910378,0.296934061524
1617799812.337140083,-54.0052860788,-20.9171414951,0.288450788505
1617799812.437674046,-54.0840284908,-21.0036726153,0.278259588057
1617799812.537738323,-54.1586486289,-21.0831437344,0.281262260132
1617799812.637902737,-54.2372699118,-21.1632981615,0.294210667006
1617799812.738222599,-54.3179360523,-21.2422923893,0.30238005212
1617799812.838284254,-54.3984463257,-21.3194852824,0.29895095394
1617799812.938103914,-54.4799412734,-21.3946146102,0.286025039264
1617799813.037767410,-54.5629795645,-21.4687050562,0.275165448835
1617799813.137598753,-54.6434735371,-21.5403021471,0.27960768153
1617799813.237597942,-54.7230142292,-21.6120251722,0.287225177751
1617799813.337911606,-54.7996167405,-21.6873044746,0.289690043195
1617799813.438184977,-54.8756135258,-21.7694424925,0.279630348419
1617799813.538162231,-54.9493923334,-21.8515917298,0.266828284852
1617799813.638031960,-55.0208831061,-21.9330437408,0.2652998646
1617799813.738042831,-55.0951218111,-22.0155052952,0.277899187096
1617799813.837805271,-55.1734422452,-22.0967895123,0.286452587386
1617799813.937416077,-55.2566365132,-22.1799163253,0.285828584947
1617799814.036940098,-55.3431632273,-22.262022811,0.274064624456
1617799814.136548758,-55.4304196015,-22.3421210042,0.260361268406
1617799814.235821486,-55.514022932,-22.4200267107,0.258596118125
1617799814.336053610,-55.5973372939,-22.4975785541,0.265322006306
1617799814.436383486,-55.6738756087,-22.5791736973,0.271271875549
1617799814.536906004,-55.7470203857,-22.662625554,0.268716350628
1617799814.637273550,-55.817496576,-22.7468676904,0.260596766058
1617799814.737382889,-55.8878691337,-22.8301455796,0.255192181189
1617799814.837723970,-55.9587974082,-22.9126021446,0.266146377385
1617799814.937492132,-56.0309592711,-22.9965914529,0.276516258324
1617799815.037482023,-56.1058397965,-23.0808129157,0.279615721754
1617799815.137297630,-56.1825903483,-23.1641214671,0.271977544075
1617799815.237002850,-56.2579750905,-23.2456256403,0.257577073991
1617799815.336853266,-56.3327668005,-23.3248119894,0.250358696232
1617799815.436665297,-56.4059283515,-23.4039983564,0.258241396673
1617799815.536615133,-56.4790259729,-23.4865347163,0.268092741413
1617799815.636811256,-56.5540644551,-23.5747237254,0.269604250978
1617799815.737076283,-56.6287232919,-23.6656164833,0.260249172164
1617799815.837207317,-56.6980645057,-23.7545313135,0.248194937964
1617799815.936884880,-56.7619066981,-23.8427061552,0.246997997956
1617799816.037036896,-56.8257376545,-23.9302201762,0.257405993419
1617799816.137090921,-56.8923140756,-24.0173254001,0.265586671504
1617799816.236794710,-56.962353644,-24.104870972,0.265559689499
1617799816.336639643,-57.0326562346,-24.1893521827,0.257534134644
1617799816.436563492,-57.1022890755,-24.267068777,0.248417431197
1617799816.536274195,-57.169018281,-24.3401192666,0.249276226763
1617799816.636775255,-57.2353669726,-24.4138452483,0.257028595839
1617799816.736993790,-57.3038237452,-24.4900898528,0.263953999937
1617799816.837372780,-57.3743492585,-24.5710685432,0.263405995806
1617799816.937692404,-57.4445150196,-24.6567068087,0.255332622586
1617799817.037897587,-57.5054408309,-24.7405750791,0.248837825682
1617799817.137950420,-57.5611781845,-24.8221460395,0.254768406097
1617799817.237635612,-57.6127510265,-24.904183999,0.266571254302
1617799817.337496758,-57.6672616591,-24.9894194235,0.273470793042
1617799817.437209368,-57.727145358,-25.0752541726,0.267772702302
1617799817.536964417,-57.7867277464,-25.1599293184,0.257141209578
1617799817.636564255,-57.8426797536,-25.2419274257,0.251250169309
1617799817.736619711,-57.894864825,-25.3251704451,0.256900915409
1617799817.836757898,-57.9430598169,-25.4103222425,0.264307487572
1617799817.936877012,-57.9854433671,-25.5011844954,0.265161567195
1617799818.036991596,-58.024276978,-25.5960377485,0.256284998643
1617799818.137037039,-58.0603446258,-25.6912696492,0.245769781585
1617799818.236945152,-58.0913540109,-25.7844318574,0.244645195565
1617799818.337034464,-58.1162690543,-25.8788426494,0.253147787982
1617799818.437119246,-58.1409462996,-25.9744509621,0.259107922462
1617799818.537322044,-58.1685247729,-26.0779034428,0.262610424261
1617799818.637247562,-58.1958840521,-26.1831591769,0.256657984003
1617799818.737323046,-58.2241883084,-26.2858700858,0.248897074795
1617799818.837251425,-58.2485344068,-26.3834736243,0.249363038752
1617799818.937040091,-58.2690626249,-26.4803055694,0.257906116689
1617799819.037058592,-58.2854759446,-26.5798201402,0.26376919038
1617799819.137227774,-58.2952537051,-26.6799191826,0.26163324059
1617799819.237298012,-58.2980628836,-26.783578284,0.25328731806
1617799819.337514162,-58.2945833476,-26.8865939722,0.244833936332
1617799819.437445164,-58.2858980075,-26.9899312162,0.250667555699
1617799819.537723064,-58.2746275346,-27.0983783755,0.265133596493
1617799819.637756109,-58.2653550795,-27.2044071286,0.270390920561
1617799819.737408161,-58.2519895575,-27.3147424301,0.264450555105
1617799819.836812258,-58.2374134099,-27.4258399463,0.252399403995
1617799819.936174631,-58.223077871,-27.5313267084,0.243512379849
1617799820.035825014,-58.2085512316,-27.6336166889,0.246961487679
1617799820.135926008,-58.1900814381,-27.7359891029,0.258128743185
1617799820.236203432,-58.1629279791,-27.8381863322,0.265566177441
1617799820.336975574,-58.1295601982,-27.9429050496,0.263522398152
1617799820.437467575,-58.0921614028,-28.044576078,0.255646764648
1617799820.537443161,-58.0527007156,-28.1474881615,0.258033825098
1617799820.637536764,-58.017596927,-28.2558676029,0.272237079337
1617799820.737577438,-57.9877426992,-28.3657419425,0.280922507861
1617799820.837295771,-57.9582513156,-28.4733706569,0.279371343344
1617799820.937098503,-57.929518295,-28.5794916425,0.269960938444
1617799821.036776543,-57.9020025346,-28.6838523433,0.261284706527
1617799821.136478186,-57.8772761743,-28.789769233,0.26666984584
1617799821.236593008,-57.8523096402,-28.898427034,0.279263625117
1617799821.336898327,-57.8270253329,-29.0108980788,0.286736593977
1617799821.437237978,-57.8005399892,-29.1224605418,0.283972427855
1617799821.537587404,-57.7707092128,-29.2287614781,0.279399556345
1617799821.637057543,-57.7388889521,-29.3322869355,0.285058428743
1617799821.737326622,-57.7100388936,-29.4444260024,0.301334741419
1617799821.837318182,-57.6813924374,-29.5584740309,0.31105863887
1617799821.937306881,-57.6508204106,-29.6724009937,0.310420352494
1617799822.036850691,-57.6203041733,-29.7867673973,0.301989048769
1617799822.136147261,-57.5925213813,-29.9011233882,0.298415203888
1617799822.235937119,-57.5665829174,-30.0173482288,0.308648587369
1617799822.336255074,-57.5370451456,-30.1383709946,0.319649474905
1617799822.436425686,-57.5021933901,-30.2615934273,0.318485922639
1617799822.536432028,-57.4615654343,-30.3811759717,0.306036389171
1617799822.636290073,-57.4220013603,-30.4983222789,0.295058133569
1617799822.736068249,-57.3839795133,-30.6133534363,0.303563480126
1617799822.836102724,-57.351740587,-30.7279286147,0.322431147392
1617799822.936553955,-57.3239361357,-30.8432732838,0.330717595792
1617799823.036916494,-57.2997829948,-30.9552081471,0.324115690652
1617799823.136927843,-57.278805598,-31.0667547946,0.313021880082
1617799823.236590385,-57.2581396732,-31.176409593,0.312082148971
1617799823.336804628,-57.2389045989,-31.2863878867,0.32334878353
1617799823.437026501,-57.2179611439,-31.3973700853,0.334762822901
1617799823.537201643,-57.190717211,-31.5114088951,0.336663600174
1617799823.637308836,-57.1605084155,-31.6240433547,0.328427752267
1617799823.737418175,-57.1288000623,-31.7321917138,0.320617507322
1617799823.837182999,-57.09554734,-31.8384211372,0.32824210438
1617799823.936898708,-57.0645368195,-31.9468992625,0.344321903262
1617799824.036741734,-57.0358428843,-32.0605367489,0.352979260383
1617799824.136611700,-57.0074736518,-32.1778137813,0.349793375868
1617799824.236404419,-56.9812289007,-32.2927412685,0.339116914585
1617799824.336133718,-56.9566470181,-32.4046310614,0.331919412963
1617799824.436050177,-56.9348277785,-32.5153417548,0.33770018717
1617799824.536329985,-56.9115552545,-32.6292980622,0.34839011973
1617799824.636756659,-56.8848157417,-32.7432562552,0.354433156765
1617799824.737180948,-56.8550841431,-32.8574070207,0.348398805586
1617799824.837290049,-56.8251636179,-32.9702357206,0.33845165385
1617799824.937042236,-56.7953451307,-33.0767223061,0.338994256148
1617799825.037416697,-56.7666224019,-33.1880842684,0.353607829857
1617799825.137361765,-56.738475591,-33.3015322992,0.366655037033
1617799825.237366676,-56.7102728743,-33.4180756286,0.36989583416
1617799825.337007046,-56.6840010742,-33.5331756205,0.363455235031
1617799825.436310291,-56.6597483149,-33.6475303427,0.359789043269
1617799825.535780907,-56.6342593292,-33.7579857146,0.368059411936
1617799825.635511637,-56.6010291972,-33.8688383254,0.376832852762
1617799825.735491037,-56.5608691732,-33.9798154747,0.382886974502
1617799825.835815668,-56.5148952313,-34.0888276803,0.378704001463
1617799825.936276674,-56.4664886529,-34.1910256293,0.369348107588
1617799826.036391973,-56.4175198735,-34.2916463479,0.372339151067
1617799826.136477232,-56.3711260939,-34.3955146734,0.38633202524
1617799826.236735821,-56.328003442,-34.5011880947,0.398458931758
1617799826.337121725,-56.2880539393,-34.6122594718,0.398159997204
1617799826.436985970,-56.2496564423,-34.724610273,0.386399925314
1617799826.536790133,-56.2156018596,-34.8360334992,0.378180962017
1617799826.636099577,-56.1809788914,-34.9446698667,0.38340670899
1617799826.736404896,-56.1453572704,-35.050080925,0.393912243332
1617799826.836531878,-56.1053016205,-35.1597000908,0.397494818798
1617799826.937181234,-56.0629183516,-35.2736814041,0.389296859431
1617799827.037500381,-56.0198668321,-35.3869497949,0.374896148214
1617799827.137426615,-55.9781322874,-35.4969034227,0.368386335452
1617799827.237707376,-55.9399666964,-35.610635062,0.381282977682
1617799827.337220907,-55.9048828412,-35.7216334057,0.393882803166
1617799827.437087536,-55.8695728334,-35.8370250713,0.397775554673
1617799827.536844730,-55.8331975685,-35.9527135184,0.390200327922
1617799827.636626244,-55.7963806755,-36.0684479765,0.380003754926
1617799827.735948563,-55.7600497463,-36.18538579,0.380951645703
1617799827.836189508,-55.723769684,-36.3053585918,0.394840189439
1617799827.936269999,-55.6838198586,-36.4226358053,0.402621088461
1617799828.036427498,-55.6424695583,-36.5367204431,0.39936098341
1617799828.136442184,-55.5993781925,-36.646085746,0.389150484197
1617799828.236726046,-55.5569800538,-36.7540843933,0.382793354295
1617799828.336788654,-55.5161001277,-36.8630869061,0.390211934149
1617799828.436775208,-55.4779255137,-36.9791461455,0.402910531437
1617799828.536896944,-55.4429470383,-37.0989930923,0.408697076765
1617799828.636729240,-55.4081026664,-37.2183217827,0.40274627151
1617799828.736489058,-55.3739638672,-37.335721088,0.392031178561
1617799828.836120129,-55.3438140371,-37.4523221647,0.389078744969
1617799828.936035395,-55.3127965027,-37.5684967608,0.399613398027
1617799829.036223888,-55.2778280958,-37.6835755062,0.408807751896
1617799829.136631250,-55.2367809438,-37.8007106779,0.407643694621
1617799829.236777544,-55.1936431442,-37.9179357673,0.39755785009
1617799829.336725712,-55.1513658813,-38.0331892234,0.389838390473
1617799829.436422348,-55.1105305637,-38.1472222904,0.398516973225
1617799829.536112785,-55.0724122224,-38.2627662355,0.414171789535
1617799829.636049509,-55.036540061,-38.3808667492,0.42128840874
1617799829.735772848,-55.0002381248,-38.5013271124,0.416251379978
1617799829.835565805,-54.962907542,-38.6197574207,0.404912104854
1617799829.935817719,-54.9273556483,-38.7343880855,0.400548043613
1617799830.035264254,-54.8904440079,-38.8466233417,0.409508968757
1617799830.135548353,-54.85045879,-38.9618007137,0.418770383721
1617799830.236076355,-54.8087139485,-39.0759769128,0.418839384303
1617799830.336489677,-54.7647725607,-39.1880576525,0.409951540067
1617799830.436949968,-54.721113973,-39.2928964617,0.400274892201
1617799830.536908627,-54.6774735905,-39.3933763281,0.405950404838
1617799830.637078047,-54.6360233998,-39.497081371,0.420632124427
1617799830.737030029,-54.5952244963,-39.6030793504,0.431042586107
1617799830.836941719,-54.5546386315,-39.7116281156,0.43115190087
1617799830.936660767,-54.5135087596,-39.8199097434,0.42187840362
1617799831.036300659,-54.4749175129,-39.9232375313,0.417200305942
1617799831.135975361,-54.4352086598,-40.0227350701,0.42538777899
1617799831.236003637,-54.3917506549,-40.1250121715,0.434997570105
1617799831.336177826,-54.3427291017,-40.2286832952,0.43719373207
1617799831.436418772,-54.2868074028,-40.3355565724,0.428188546438
1617799831.537242889,-54.2280706307,-40.4401990119,0.415470595992
1617799831.637189388,-54.1642202569,-40.5409332197,0.414966647384
1617799831.737187147,-54.1013118059,-40.6444085685,0.425556433991
1617799831.836914062,-54.0432781143,-40.7470356994,0.431677534928
1617799831.936411858,-53.9838711612,-40.8498812589,0.430945803927
1617799832.036138535,-53.9250348815,-40.9489273754,0.421880466951
1617799832.135855436,-53.8708635612,-41.0428514281,0.413977455883
1617799832.235635996,-53.817773149,-41.1344536965,0.420152164624
1617799832.335057974,-53.7577181037,-41.2192936438,0.43165218164
1617799832.435486317,-53.6886037129,-41.3039439759,0.438592559303
1617799832.536075354,-53.6156203332,-41.3871609237,0.437840629208
1617799832.636694193,-53.5393813728,-41.4670471412,0.431266385115
1617799832.736981392,-53.4622461822,-41.5435572973,0.432711645276
1617799832.837440491,-53.3887988679,-41.6244889831,0.447027531937
1617799832.937441826,-53.3176363189,-41.7094753959,0.455334094413
1617799833.037476063,-53.2456922751,-41.7976625463,0.456531244536
1617799833.137413025,-53.1748426621,-41.8884188883,0.449036800022
1617799833.236919641,-53.1071189552,-41.9777394139,0.440111873688
1617799833.336169958,-53.0417281965,-42.0693475017,0.440728111367
1617799833.436179161,-52.9765158609,-42.1626532281,0.452773791463
1617799833.536252737,-52.907546101,-42.2549911399,0.461069924704
1617799833.636576653,-52.8359143177,-42.3476573876,0.458161626097
1617799833.736653566,-52.7635320463,-42.4370605206,0.447814983606
1617799833.836588621,-52.6912214458,-42.5216652784,0.440299199126
1617799833.936259747,-52.6198143266,-42.6006303595,0.450095245998
1617799834.035976171,-52.5462465882,-42.67790721,0.465749109004
1617799834.136048317,-52.4734355136,-42.7536175387,0.474346038625
1617799834.235878468,-52.4007110511,-42.8307048137,0.47341211831
1617799834.335739374,-52.3314102353,-42.9082999109,0.466566273919
1617799834.435477734,-52.2661877063,-42.9829716713,0.462273154964
1617799834.535578012,-52.1997682726,-43.0551085647,0.470312520843
1617799834.636239052,-52.1301754007,-43.1228328032,0.481284753769
1617799834.736695528,-52.0545614976,-43.1868021613,0.485277344327
1617799834.837142229,-51.9748116366,-43.2511261506,0.481900079293
1617799834.937331915,-51.8937418258,-43.313083227,0.473110541536
1617799835.037117243,-51.8125653874,-43.371193063,0.470432157379
1617799835.137331963,-51.7321328774,-43.4280999101,0.483268215209
1617799835.236981392,-51.6486949138,-43.4837575867,0.494403643796
1617799835.336982965,-51.561224255,-43.5407603005,0.498630590939
1617799835.436885595,-51.4744686355,-43.5972778427,0.493666686297
1617799835.536703825,-51.3894914833,-43.653019618,0.486446237552
1617799835.636062860,-51.3040125469,-43.708431721,0.484995196744
1617799835.736021042,-51.2194614351,-43.7615626723,0.494739616118
1617799835.836269617,-51.1379180348,-43.8085700538,0.502652156835
1617799835.936641932,-51.0533446081,-43.8507737375,0.504830738893
1617799836.036708355,-50.9646120463,-43.8912478187,0.500349592842
1617799836.136804342,-50.8758288935,-43.9313464982,0.493479751733
1617799836.236918211,-50.7879661181,-43.969306685,0.492798294161
1617799836.337288380,-50.7009338951,-44.0077152021,0.505683127141
1617799836.436926365,-50.6125669159,-44.0483253302,0.517537056546
1617799836.536968470,-50.520012183,-44.0954299384,0.522371956033
1617799836.636817932,-50.4265115036,-44.147592041,0.517886490018
1617799836.736535549,-50.3340740296,-44.2016255641,0.509666234331
1617799836.835899115,-50.2433487605,-44.2537601658,0.508243848707
1617799836.935601473,-50.1533610206,-44.3058117407,0.517884192615
1617799837.035552025,-50.0656280109,-44.3566296529,0.526188805575
1617799837.135844707,-49.9774421343,-44.4094165088,0.528781725899
1617799837.235988379,-49.8889876773,-44.4646321814,0.523312744403
1617799837.336340666,-49.8044012965,-44.5202113346,0.516250194948
1617799837.436415195,-49.7241107794,-44.5732846809,0.517899232405
1617799837.536513567,-49.6478832975,-44.6262494103,0.530195754655
1617799837.636421680,-49.57872213,-44.6814082914,0.53948588903
1617799837.736031055,-49.5134515896,-44.7442471265,0.541186048629
1617799837.835642815,-49.4499976741,-44.8143294782,0.534637991943
1617799837.935362816,-49.3908464115,-44.8898673133,0.525733885593
1617799838.035160542,-49.334297832,-44.9665262984,0.523366506575
1617799838.135399342,-49.2812131538,-45.0436643121,0.531251877634
1617799838.235848665,-49.2257464495,-45.1269761913,0.538348284948
1617799838.336204290,-49.1708993296,-45.2145904877,0.541020304053
1617799838.436464071,-49.1149575808,-45.3039833946,0.53654972535
1617799838.536594629,-49.0595206191,-45.390945787,0.529526867485
1617799838.636500835,-49.0029658076,-45.4793692098,0.528270445458
1617799838.736388206,-48.9480907213,-45.5700612198,0.540237002611
1617799838.836586952,-48.8984177947,-45.6644468543,0.548100341705
1617799838.936336994,-48.8542108018,-45.765515322,0.547509851087
1617799839.035893679,-48.8132298456,-45.8729813068,0.54069048968
1617799839.135697365,-48.7783227067,-45.9748281079,0.532737677526
1617799839.235023975,-48.7443154741,-46.0726686853,0.535427524018
1617799839.335004091,-48.7117461064,-46.168463768,0.548362322879
1617799839.434974670,-48.6753048841,-46.2698251918,0.556574449119
1617799839.535255671,-48.6353787776,-46.3762531006,0.555043306261
1617799839.635540724,-48.5924074262,-46.4832579553,0.54671044566
1617799839.736119986,-48.5463388196,-46.5910771255,0.539730798945
1617799839.836473942,-48.5019408077,-46.6972253677,0.547414224878
1617799839.936392784,-48.458391656,-46.8049569083,0.559385815842
1617799840.036186934,-48.4202311513,-46.914264257,0.562980477067
1617799840.135730267,-48.3848894714,-47.0266459747,0.556442184773
1617799840.235406399,-48.3509987261,-47.14094753,0.542941611596
1617799840.335257292,-48.3208591009,-47.2525087229,0.53689402217
1617799840.435220480,-48.2930608336,-47.3597265814,0.547231557004
1617799840.535678387,-48.2655184029,-47.4681142102,0.559467873501
1617799840.635732412,-48.2375817338,-47.5773833221,0.562657294301
1617799840.736038685,-48.207506915,-47.6853665762,0.554913804833
1617799840.836109400,-48.1766142922,-47.7899008544,0.544018266389
1617799840.936507702,-48.1463106465,-47.893802253,0.542940850089
1617799841.036602736,-48.1149973044,-47.9963885016,0.551651595791
1617799841.136586905,-48.0851382535,-48.1027694072,0.561669871744
1617799841.236425638,-48.0571282647,-48.2134987705,0.562651231183
1617799841.336182594,-48.0308860843,-48.3271835908,0.552724338946
1617799841.435737371,-48.0068302729,-48.437048777,0.542753350852
1617799841.535203695,-47.9795398204,-48.5439906567,0.540958039116
1617799841.635346651,-47.9524433954,-48.6502305275,0.548669140095
1617799841.735566139,-47.9228624628,-48.7580808137,0.554513816428
1617799841.836046219,-47.8895623402,-48.8707792018,0.55213561153
1617799841.936305523,-47.8505838014,-48.9856446782,0.541163131443
1617799842.036879063,-47.8099191292,-49.0969773452,0.530698359803
1617799842.136968374,-47.7691014143,-49.2043729891,0.53471656734
1617799842.237061739,-47.7263591096,-49.3163430422,0.548249781063
1617799842.336988211,-47.6872470112,-49.4291772993,0.555143024554
1617799842.436384678,-47.6497575624,-49.5428406528,0.54992839945
1617799842.535719633,-47.6130992088,-49.6570238859,0.538034836168
1617799842.635088205,-47.5778016952,-49.7690928483,0.53030956506
1617799842.734634399,-47.5443679546,-49.8781511138,0.536362020045
1617799842.834733009,-47.5084110049,-49.9892184885,0.547924134917
1617799842.934767723,-47.4685209363,-50.0991514181,0.551865056528
1617799843.035048723,-47.425557719,-50.2129407201,0.543926228118
1617799843.135350943,-47.3841980427,-50.3261906168,0.532505422135
1617799843.235341787,-47.3420398504,-50.4352576093,0.532006021747
1617799843.335745811,-47.3038009443,-50.5489099314,0.546588974777
1617799843.436018944,-47.2690217772,-50.6616347128,0.557859198446
1617799843.536170006,-47.2339052832,-50.77766842,0.555871347648
1617799843.636167765,-47.199334558,-50.8955041356,0.544128701067
1617799843.735914707,-47.1695897393,-51.0097071499,0.533598981242
1617799843.835374594,-47.1416599656,-51.1219524233,0.537711252572
1617799843.935288906,-47.1110323572,-51.2341634877,0.550736464137
1617799844.035283804,-47.0768081672,-51.3476412146,0.554949200264
1617799844.135323286,-47.0393146784,-51.4636439289,0.546641360826
1617799844.235355377,-46.9990672504,-51.5797279667,0.53306498059
1617799844.335635185,-46.9574227572,-51.6949263028,0.527293591621
1617799844.436168671,-46.9189933606,-51.8084772271,0.53886582747
1617799844.536160231,-46.8772652568,-51.9217470029,0.550144471035
1617799844.636227369,-46.8365528393,-52.0376746632,0.551406802751
1617799844.735998631,-46.8010969995,-52.1549672009,0.542113293907
1617799844.835669279,-46.7665786875,-52.2700365281,0.528261329803
1617799844.935111761,-46.729738521,-52.3863334887,0.523086183649
1617799845.035174608,-46.6963967339,-52.501823655,0.532621396126
1617799845.135228395,-46.661247743,-52.6174702563,0.540432239653
1617799845.235408783,-46.6221750495,-52.7330041852,0.539050938395
1617799845.335824728,-46.578867792,-52.8494610882,0.526369706705
1617799845.435980082,-46.5333523739,-52.9594243292,0.514109934463
1617799845.536182880,-46.4857572301,-53.0685347656,0.521247169493
1617799845.636272907,-46.4386844354,-53.180445308,0.537168670162
1617799845.736264467,-46.3936153418,-53.2931532524,0.545112082544
1617799845.836014509,-46.3492741304,-53.4086396354,0.539841605398
1617799845.935277939,-46.3077974204,-53.518329392,0.528605505377
1617799846.035120964,-46.2688641695,-53.6285546819,0.520408385129
1617799846.134860039,-46.2326947299,-53.7373922772,0.528971556305
1617799846.235166788,-46.1938244622,-53.8485886575,0.542372251854
1617799846.335708141,-46.1531193375,-53.9594429212,0.544080982649
1617799846.436217308,-46.1078128141,-54.0686585954,0.534181295212
1617799846.536538124,-46.0604712965,-54.1742334928,0.523000959528
1617799846.636839628,-46.0131292666,-54.279941446,0.526225104829
1617799846.736929893,-45.9664693815,-54.3878082275,0.54225507564
1617799846.836916924,-45.9242228591,-54.4952354012,0.553081769367
1617799846.936436892,-45.8820610513,-54.6088046136,0.553290913667
1617799847.035860062,-45.841247174,-54.7242249569,0.542326238153
1617799847.135631323,-45.8037661266,-54.8356192227,0.531404108515
1617799847.234896898,-45.7601727103,-54.9474195257,0.533346577946
1617799847.335379362,-45.7180525402,-55.0632089161,0.544937489849
1617799847.435468912,-45.6780801517,-55.1804919956,0.549084408426
1617799847.535924911,-45.6355520521,-55.3007586707,0.539415454014
1617799847.636121511,-45.5895084371,-55.4186003146,0.525200801609
1617799847.735844612,-45.5410755186,-55.5347964883,0.522683597659
1617799847.835858345,-45.4984492971,-55.6543608338,0.538451557998
1617799847.935680866,-45.4612226853,-55.7712534901,0.550740463475
1617799848.035433769,-45.4222712237,-55.8913625323,0.547316256026
1617799848.135074854,-45.3865190171,-56.013647345,0.533752028373
1617799848.234703064,-45.359482801,-56.1292256336,0.522037617636
1617799848.334282637,-45.3331526676,-56.2409927617,0.525278000716
1617799848.434871197,-45.3068391603,-56.3533429906,0.539288508791
1617799848.535432100,-45.2795224394,-56.4684383148,0.544904041278
1617799848.636044741,-45.2514683566,-56.5833749582,0.537278348116
1617799848.736548185,-45.2212306467,-56.6959469535,0.525359701502
1617799848.836753130,-45.1902226258,-56.8074054107,0.521481741725
1617799848.937140942,-45.1632324317,-56.9176220554,0.534981350089
1617799849.036825418,-45.1344783577,-57.0296463569,0.547024256266
1617799849.136698008,-45.1082168688,-57.1472391245,0.548852349713
1617799849.235942602,-45.0850442668,-57.2657332035,0.538233434774
1617799849.335346937,-45.0638023671,-57.3839840456,0.526885318283
1617799849.434867859,-45.0412264188,-57.5006132482,0.528910631272
1617799849.535012960,-45.0174358342,-57.6169405093,0.544396511168
1617799849.635295153,-44.9910262578,-57.7319742875,0.554874559411
1617799849.735577583,-44.9599518787,-57.8461528209,0.548959845418
1617799849.835942030,-44.9264783069,-57.9615762946,0.534100500757
1617799849.936244965,-44.8955230111,-58.0748211472,0.523278534211
1617799850.036497593,-44.8636938552,-58.1859237415,0.53136534963
1617799850.136633635,-44.8290370516,-58.3024276851,0.546407646652
1617799850.236691713,-44.7981363791,-58.4182248179,0.553646765506
1617799850.336225748,-44.7653455841,-58.5364278842,0.547071670173
1617799850.435549021,-44.7321931221,-58.653490384,0.533049381091
1617799850.535071373,-44.703503034,-58.7668602769,0.524774219817
1617799850.634975195,-44.6763509184,-58.8796533172,0.532904301301
1617799850.735082388,-44.6465122113,-58.99492732,0.543139088986
1617799850.835049152,-44.6156045423,-59.1117413867,0.543889112788
1617799850.935379982,-44.5828417676,-59.2329622285,0.533032658063
1617799851.035699129,-44.5510743433,-59.3519527568,0.519362401278
1617799851.135891438,-44.5190482412,-59.4701959403,0.5168745736
1617799851.236130953,-44.4903305614,-59.5907191381,0.529394470781
1617799851.336234570,-44.4625567842,-59.7102691234,0.538406249164
1617799851.436304092,-44.4333499807,-59.829188264,0.536180819633
1617799851.535915375,-44.4035458384,-59.9491781429,0.525638081166
1617799851.635706663,-44.3772029198,-60.0655210322,0.517704153448
1617799851.735007048,-44.3513292713,-60.1784477948,0.521844948276
1617799851.835292816,-44.3230150925,-60.2932364543,0.531437341191
1617799851.935474873,-44.2908453738,-60.4077692813,0.535087317324
1617799852.035916805,-44.2534634651,-60.5242576892,0.528749893017
1617799852.136170387,-44.2122020466,-60.6371650854,0.518266196722
1617799852.236302614,-44.167658165,-60.7468729514,0.515560507538
1617799852.336234570,-44.1249921604,-60.8542251816,0.524868850096
1617799852.436070681,-44.0856070728,-60.9625497814,0.534466459784
1617799852.536036491,-44.047514075,-61.075812691,0.53536323766
1617799852.635685205,-44.0110520951,-61.1911656014,0.525154623078
1617799852.735352039,-43.977225188,-61.3056527861,0.513936385475
